-- phpMyAdmin SQL Dump
-- version 5.1.1deb5ubuntu1
-- https://www.phpmyadmin.net/
--
-- Host: localhost:3306
-- Generation Time: Jul 29, 2025 at 09:30 AM
-- Server version: 10.11.6-MariaDB-1:10.11.6+maria~ubu2004
-- PHP Version: 8.2.12

SET SQL_MODE = "NO_AUTO_VALUE_ON_ZERO";
START TRANSACTION;
SET time_zone = "+00:00";


/*!40101 SET @OLD_CHARACTER_SET_CLIENT=@@CHARACTER_SET_CLIENT */;
/*!40101 SET @OLD_CHARACTER_SET_RESULTS=@@CHARACTER_SET_RESULTS */;
/*!40101 SET @OLD_COLLATION_CONNECTION=@@COLLATION_CONNECTION */;
/*!40101 SET NAMES utf8mb4 */;

--
-- Database: `MedPro`
--

-- --------------------------------------------------------

--
-- Table structure for table `ECG`
--

CREATE TABLE `ECG` (
  `EID` int(11) NOT NULL,
  `ID` int(11) NOT NULL,
  `SID` int(11) NOT NULL DEFAULT 5,
  `EValue` int(11) NOT NULL,
  `TimeStamp` datetime DEFAULT current_timestamp()
) ENGINE=InnoDB DEFAULT CHARSET=utf8mb4 COLLATE=utf8mb4_general_ci;

--
-- Dumping data for table `ECG`
--

INSERT INTO `ECG` (`EID`, `ID`, `SID`, `EValue`, `TimeStamp`) VALUES
(1, 1, 5, 2512, '2025-07-29 13:07:04'),
(2, 1, 5, 1600, '2025-07-29 13:07:04'),
(3, 1, 5, 1977, '2025-07-29 13:07:04'),
(4, 1, 5, 1375, '2025-07-29 13:07:05'),
(5, 1, 5, 1731, '2025-07-29 13:07:05'),
(6, 1, 5, 1151, '2025-07-29 13:07:05'),
(7, 1, 5, 2160, '2025-07-29 13:07:05'),
(8, 1, 5, 1779, '2025-07-29 13:07:05'),
(9, 1, 5, 1836, '2025-07-29 13:07:05'),
(10, 1, 5, 1776, '2025-07-29 13:07:05'),
(11, 1, 5, 1382, '2025-07-29 13:07:06'),
(12, 1, 5, 2384, '2025-07-29 13:07:07'),
(13, 1, 5, 2416, '2025-07-29 13:07:07'),
(14, 1, 5, 2401, '2025-07-29 13:07:07'),
(15, 1, 5, 1183, '2025-07-29 13:07:07'),
(16, 1, 5, 2257, '2025-07-29 13:07:08'),
(17, 1, 5, 1395, '2025-07-29 13:07:08'),
(18, 1, 5, 2490, '2025-07-29 13:07:08'),
(19, 1, 5, 2414, '2025-07-29 13:07:10'),
(20, 1, 5, 2505, '2025-07-29 13:07:10'),
(21, 1, 5, 1584, '2025-07-29 13:07:10'),
(22, 1, 5, 2293, '2025-07-29 13:07:11'),
(23, 1, 5, 1684, '2025-07-29 13:07:14'),
(24, 1, 5, 2423, '2025-07-29 13:07:15'),
(25, 1, 5, 1951, '2025-07-29 13:07:17'),
(26, 1, 5, 1367, '2025-07-29 13:07:18'),
(27, 1, 5, 2465, '2025-07-29 13:07:18'),
(28, 1, 5, 2413, '2025-07-29 13:07:20'),
(29, 1, 5, 2083, '2025-07-29 13:07:20'),
(30, 1, 5, 1280, '2025-07-29 13:07:21'),
(31, 1, 5, 2303, '2025-07-29 13:07:23'),
(32, 1, 5, 2507, '2025-07-29 13:07:24'),
(33, 1, 5, 1823, '2025-07-29 13:07:25'),
(34, 1, 5, 1891, '2025-07-29 13:07:25'),
(35, 1, 5, 1093, '2025-07-29 13:07:25'),
(36, 1, 5, 2289, '2025-07-29 13:07:25'),
(37, 1, 5, 1285, '2025-07-29 13:07:27'),
(38, 1, 5, 1857, '2025-07-29 13:07:27'),
(39, 1, 5, 1155, '2025-07-29 13:07:27'),
(40, 1, 5, 2437, '2025-07-29 13:07:27'),
(41, 1, 5, 1500, '2025-07-29 13:07:27'),
(42, 1, 5, 1195, '2025-07-29 13:07:28'),
(43, 1, 5, 1244, '2025-07-29 13:07:28'),
(44, 1, 5, 1102, '2025-07-29 13:07:28'),
(45, 1, 5, 2240, '2025-07-29 13:07:28'),
(46, 1, 5, 1179, '2025-07-29 13:07:28'),
(47, 1, 5, 2065, '2025-07-29 13:07:29'),
(48, 1, 5, 2085, '2025-07-29 13:07:29'),
(49, 1, 5, 1327, '2025-07-29 13:07:30'),
(50, 1, 5, 2388, '2025-07-29 13:07:30'),
(51, 1, 5, 1185, '2025-07-29 13:07:31'),
(52, 1, 5, 2453, '2025-07-29 13:07:31'),
(53, 1, 5, 1743, '2025-07-29 13:07:31'),
(54, 1, 5, 1216, '2025-07-29 13:07:31'),
(55, 1, 5, 2331, '2025-07-29 13:07:31'),
(56, 1, 5, 1226, '2025-07-29 13:07:33'),
(57, 1, 5, 2147, '2025-07-29 13:07:33'),
(58, 1, 5, 2480, '2025-07-29 13:07:33'),
(59, 1, 5, 2157, '2025-07-29 13:07:33'),
(60, 1, 5, 1520, '2025-07-29 13:07:33'),
(61, 1, 5, 1151, '2025-07-29 13:07:33'),
(62, 1, 5, 1583, '2025-07-29 13:07:33'),
(63, 1, 5, 1443, '2025-07-29 13:07:33'),
(64, 1, 5, 1600, '2025-07-29 13:07:34'),
(65, 1, 5, 1968, '2025-07-29 13:07:35'),
(66, 1, 5, 1321, '2025-07-29 13:07:35'),
(67, 1, 5, 2158, '2025-07-29 13:07:35'),
(68, 1, 5, 2283, '2025-07-29 13:07:35'),
(69, 1, 5, 2485, '2025-07-29 13:07:36'),
(70, 1, 5, 2182, '2025-07-29 13:07:36'),
(71, 1, 5, 1219, '2025-07-29 13:07:36'),
(72, 1, 5, 2110, '2025-07-29 13:07:36'),
(73, 1, 5, 1535, '2025-07-29 13:07:36'),
(74, 1, 5, 1414, '2025-07-29 13:07:37'),
(75, 1, 5, 1781, '2025-07-29 13:07:37'),
(76, 1, 5, 1819, '2025-07-29 13:07:37'),
(77, 1, 5, 2210, '2025-07-29 13:07:38'),
(78, 1, 5, 1601, '2025-07-29 13:07:38'),
(79, 1, 5, 2175, '2025-07-29 13:07:38'),
(80, 1, 5, 1269, '2025-07-29 13:07:39'),
(81, 1, 5, 1318, '2025-07-29 13:07:39'),
(82, 1, 5, 2326, '2025-07-29 13:07:39'),
(83, 1, 5, 2455, '2025-07-29 13:07:39'),
(84, 1, 5, 1712, '2025-07-29 13:07:39'),
(85, 1, 5, 1840, '2025-07-29 13:07:41'),
(86, 1, 5, 2357, '2025-07-29 13:07:41'),
(87, 1, 5, 1425, '2025-07-29 13:07:41'),
(88, 1, 5, 1333, '2025-07-29 13:07:42'),
(89, 1, 5, 1413, '2025-07-29 13:07:42'),
(90, 1, 5, 2286, '2025-07-29 13:07:43'),
(91, 1, 5, 1938, '2025-07-29 13:07:44'),
(92, 1, 5, 1649, '2025-07-29 13:07:45'),
(93, 1, 5, 2141, '2025-07-29 13:07:45'),
(94, 1, 5, 2479, '2025-07-29 13:07:45'),
(95, 1, 5, 1147, '2025-07-29 13:07:47'),
(96, 1, 5, 2403, '2025-07-29 13:07:48'),
(97, 1, 5, 1344, '2025-07-29 13:07:49'),
(98, 1, 5, 2045, '2025-07-29 13:07:49'),
(99, 1, 5, 1441, '2025-07-29 13:07:49'),
(100, 1, 5, 2096, '2025-07-29 13:07:50'),
(101, 1, 5, 1282, '2025-07-29 13:07:51'),
(102, 1, 5, 2481, '2025-07-29 13:07:51'),
(103, 1, 5, 1829, '2025-07-29 13:07:52'),
(104, 1, 5, 1390, '2025-07-29 13:07:53'),
(105, 1, 5, 1334, '2025-07-29 13:07:53'),
(106, 1, 5, 2466, '2025-07-29 13:07:54'),
(107, 1, 5, 1122, '2025-07-29 13:07:57'),
(108, 1, 5, 1136, '2025-07-29 13:07:57'),
(109, 1, 5, 1974, '2025-07-29 13:07:57'),
(110, 1, 5, 1253, '2025-07-29 13:07:57'),
(111, 1, 5, 1333, '2025-07-29 13:07:57'),
(112, 1, 5, 1973, '2025-07-29 13:07:57'),
(113, 1, 5, 1535, '2025-07-29 13:07:58'),
(114, 1, 5, 1997, '2025-07-29 13:07:58'),
(115, 1, 5, 1659, '2025-07-29 13:07:58'),
(116, 1, 5, 1264, '2025-07-29 13:07:59'),
(117, 1, 5, 1808, '2025-07-29 13:07:59'),
(118, 1, 5, 1439, '2025-07-29 13:07:59'),
(119, 1, 5, 2130, '2025-07-29 13:07:59'),
(120, 1, 5, 1561, '2025-07-29 13:07:59'),
(121, 1, 5, 2026, '2025-07-29 13:08:01'),
(122, 1, 5, 2160, '2025-07-29 13:08:01'),
(123, 1, 5, 1149, '2025-07-29 13:08:01'),
(124, 1, 5, 2320, '2025-07-29 13:08:02'),
(125, 1, 5, 1219, '2025-07-29 13:08:02'),
(126, 1, 5, 1141, '2025-07-29 13:08:06'),
(127, 1, 5, 2195, '2025-07-29 13:08:06'),
(128, 1, 5, 2443, '2025-07-29 13:08:07'),
(129, 1, 5, 1154, '2025-07-29 13:08:07'),
(130, 1, 5, 2149, '2025-07-29 13:08:07'),
(131, 1, 5, 2384, '2025-07-29 13:08:08'),
(132, 1, 5, 1777, '2025-07-29 13:08:08'),
(133, 1, 5, 1216, '2025-07-29 13:08:08'),
(134, 1, 5, 1744, '2025-07-29 13:08:11'),
(135, 1, 5, 2115, '2025-07-29 13:08:12'),
(136, 1, 5, 2416, '2025-07-29 13:08:12'),
(137, 1, 5, 1680, '2025-07-29 13:08:12'),
(138, 1, 5, 2128, '2025-07-29 13:08:13'),
(139, 1, 5, 1737, '2025-07-29 13:08:13'),
(140, 1, 5, 905, '2025-07-29 13:08:13'),
(141, 1, 5, 1234, '2025-07-29 13:26:55'),
(142, 1, 5, 1110, '2025-07-29 13:26:56'),
(143, 1, 5, 1594, '2025-07-29 13:26:56'),
(144, 1, 5, 2272, '2025-07-29 13:26:56'),
(145, 1, 5, 2495, '2025-07-29 13:26:56'),
(146, 1, 5, 1166, '2025-07-29 13:26:57'),
(147, 1, 5, 1234, '2025-07-29 13:26:58'),
(148, 1, 5, 2128, '2025-07-29 13:26:58'),
(149, 1, 5, 1735, '2025-07-29 13:26:58'),
(150, 1, 5, 1881, '2025-07-29 13:27:01'),
(151, 1, 5, 1411, '2025-07-29 13:27:01'),
(152, 1, 5, 1200, '2025-07-29 13:27:01'),
(153, 1, 5, 2326, '2025-07-29 13:27:01'),
(154, 1, 5, 2371, '2025-07-29 13:27:01'),
(155, 1, 5, 1313, '2025-07-29 13:27:01'),
(156, 1, 5, 1424, '2025-07-29 13:27:02'),
(157, 1, 5, 1780, '2025-07-29 13:27:02'),
(158, 1, 5, 1280, '2025-07-29 13:27:02'),
(159, 1, 5, 2523, '2025-07-29 13:27:03'),
(160, 1, 5, 2551, '2025-07-29 13:27:04'),
(161, 1, 5, 1527, '2025-07-29 13:27:04'),
(162, 1, 5, 1243, '2025-07-29 13:27:04'),
(163, 1, 5, 2329, '2025-07-29 13:27:05'),
(164, 1, 5, 1187, '2025-07-29 13:27:05'),
(165, 1, 5, 1744, '2025-07-29 13:27:05'),
(166, 1, 5, 1200, '2025-07-29 13:27:05'),
(167, 1, 5, 1249, '2025-07-29 13:27:05'),
(168, 1, 5, 1093, '2025-07-29 13:27:05'),
(169, 1, 5, 2105, '2025-07-29 13:27:06'),
(170, 1, 5, 2483, '2025-07-29 13:27:06'),
(171, 1, 5, 1185, '2025-07-29 13:27:07'),
(172, 1, 5, 1239, '2025-07-29 13:27:08'),
(173, 1, 5, 1622, '2025-07-29 13:27:08'),
(174, 1, 5, 1667, '2025-07-29 13:27:08'),
(175, 1, 5, 2018, '2025-07-29 13:27:10'),
(176, 1, 5, 1860, '2025-07-29 13:27:11'),
(177, 1, 5, 2518, '2025-07-29 13:27:11'),
(178, 1, 5, 1135, '2025-07-29 13:27:12'),
(179, 1, 5, 1223, '2025-07-29 13:27:13'),
(180, 1, 5, 1693, '2025-07-29 13:27:15'),
(181, 1, 5, 1601, '2025-07-29 13:27:16'),
(182, 1, 5, 1763, '2025-07-29 13:27:17'),
(183, 1, 5, 2547, '2025-07-29 13:27:17'),
(184, 1, 5, 1067, '2025-07-29 13:27:18'),
(185, 1, 5, 1342, '2025-07-29 13:27:20'),
(186, 1, 5, 1907, '2025-07-29 13:27:20'),
(187, 1, 5, 1831, '2025-07-29 13:27:20'),
(188, 1, 5, 1727, '2025-07-29 13:27:20'),
(189, 1, 5, 2141, '2025-07-29 13:27:21'),
(190, 1, 5, 1089, '2025-07-29 13:27:21'),
(191, 1, 5, 2157, '2025-07-29 13:27:21'),
(192, 1, 5, 1098, '2025-07-29 13:27:22'),
(193, 1, 5, 1968, '2025-07-29 13:27:24'),
(194, 1, 5, 1273, '2025-07-29 13:27:24'),
(195, 1, 5, 2090, '2025-07-29 13:27:25'),
(196, 1, 5, 1121, '2025-07-29 13:27:25'),
(197, 1, 5, 2467, '2025-07-29 13:27:26'),
(198, 1, 5, 2485, '2025-07-29 13:27:26'),
(199, 1, 5, 1277, '2025-07-29 13:27:26'),
(200, 1, 5, 2495, '2025-07-29 13:27:27'),
(201, 1, 5, 2351, '2025-07-29 13:27:27'),
(202, 1, 5, 1473, '2025-07-29 13:27:27'),
(203, 1, 5, 1307, '2025-07-29 13:27:27'),
(204, 1, 5, 1248, '2025-07-29 13:27:27'),
(205, 1, 5, 2224, '2025-07-29 13:27:28'),
(206, 1, 5, 1133, '2025-07-29 13:27:30'),
(207, 1, 5, 1110, '2025-07-29 13:27:30'),
(208, 1, 5, 1366, '2025-07-29 13:27:30'),
(209, 1, 5, 2193, '2025-07-29 13:27:30'),
(210, 1, 5, 1649, '2025-07-29 13:27:30'),
(211, 1, 5, 1279, '2025-07-29 13:27:31'),
(212, 1, 5, 2462, '2025-07-29 13:27:31'),
(213, 1, 5, 1421, '2025-07-29 13:27:34'),
(214, 1, 5, 1289, '2025-07-29 13:27:35'),
(215, 1, 5, 1077, '2025-07-29 13:27:35'),
(216, 1, 5, 2459, '2025-07-29 13:27:35'),
(217, 1, 5, 2047, '2025-07-29 13:27:35'),
(218, 1, 5, 1225, '2025-07-29 13:27:36'),
(219, 1, 5, 1675, '2025-07-29 13:27:36'),
(220, 1, 5, 2329, '2025-07-29 13:27:36'),
(221, 1, 5, 2398, '2025-07-29 13:27:38'),
(222, 1, 5, 1647, '2025-07-29 13:27:38'),
(223, 1, 5, 2272, '2025-07-29 13:27:38'),
(224, 1, 5, 1705, '2025-07-29 13:27:38'),
(225, 1, 5, 1501, '2025-07-29 13:27:38'),
(226, 1, 5, 1858, '2025-07-29 13:27:39'),
(227, 1, 5, 1200, '2025-07-29 13:27:40'),
(228, 1, 5, 1218, '2025-07-29 13:27:40'),
(229, 1, 5, 1525, '2025-07-29 13:27:41'),
(230, 1, 5, 1176, '2025-07-29 13:27:42'),
(231, 1, 5, 2336, '2025-07-29 13:27:43'),
(232, 1, 5, 1726, '2025-07-29 13:27:44'),
(233, 1, 5, 2370, '2025-07-29 13:27:46'),
(234, 1, 5, 2463, '2025-07-29 13:27:46'),
(235, 1, 5, 2507, '2025-07-29 13:27:51'),
(236, 1, 5, 2258, '2025-07-29 13:27:51'),
(237, 1, 5, 1360, '2025-07-29 13:27:52'),
(238, 1, 5, 1317, '2025-07-29 13:27:53'),
(239, 1, 5, 2361, '2025-07-29 13:27:53'),
(240, 1, 5, 1183, '2025-07-29 13:27:54'),
(241, 1, 5, 1471, '2025-07-29 13:27:54'),
(242, 1, 5, 2197, '2025-07-29 13:27:55'),
(243, 1, 5, 1139, '2025-07-29 13:27:55'),
(244, 1, 5, 1942, '2025-07-29 13:27:55'),
(245, 1, 5, 1094, '2025-07-29 13:27:55'),
(246, 1, 5, 2096, '2025-07-29 13:27:55'),
(247, 1, 5, 1264, '2025-07-29 13:27:55'),
(248, 1, 5, 1683, '2025-07-29 13:27:57'),
(249, 1, 5, 2431, '2025-07-29 13:27:57'),
(250, 1, 5, 2239, '2025-07-29 13:27:57'),
(251, 1, 5, 1970, '2025-07-29 13:27:57'),
(252, 1, 5, 2266, '2025-07-29 13:27:58'),
(253, 1, 5, 1942, '2025-07-29 13:27:58'),
(254, 1, 5, 2512, '2025-07-29 13:27:58'),
(255, 1, 5, 2194, '2025-07-29 13:27:58'),
(256, 1, 5, 1863, '2025-07-29 13:27:59'),
(257, 1, 5, 2070, '2025-07-29 13:27:59'),
(258, 1, 5, 1591, '2025-07-29 13:27:59'),
(259, 1, 5, 1527, '2025-07-29 13:28:00'),
(260, 1, 5, 2375, '2025-07-29 13:28:00'),
(261, 1, 5, 1138, '2025-07-29 13:28:00'),
(262, 1, 5, 2288, '2025-07-29 13:28:00'),
(263, 1, 5, 1086, '2025-07-29 13:28:00'),
(264, 1, 5, 2501, '2025-07-29 13:28:02'),
(265, 1, 5, 2467, '2025-07-29 13:28:02'),
(266, 1, 5, 1206, '2025-07-29 13:28:02'),
(267, 1, 5, 1529, '2025-07-29 13:28:02'),
(268, 1, 5, 1120, '2025-07-29 13:28:03'),
(269, 1, 5, 2527, '2025-07-29 13:28:03'),
(270, 1, 5, 1324, '2025-07-29 13:28:03'),
(271, 1, 5, 1621, '2025-07-29 13:28:04'),
(272, 1, 5, 1713, '2025-07-29 13:28:04'),
(273, 1, 5, 2192, '2025-07-29 13:28:04'),
(274, 1, 5, 1388, '2025-07-29 13:28:05'),
(275, 1, 5, 1650, '2025-07-29 13:28:05'),
(276, 1, 5, 2016, '2025-07-29 13:28:05'),
(277, 1, 5, 1414, '2025-07-29 13:28:06'),
(278, 1, 5, 1121, '2025-07-29 13:28:06'),
(279, 1, 5, 1158, '2025-07-29 13:28:06'),
(280, 1, 5, 2385, '2025-07-29 13:28:06'),
(281, 1, 5, 2337, '2025-07-29 13:28:07'),
(282, 1, 5, 2005, '2025-07-29 13:28:08'),
(283, 1, 5, 2486, '2025-07-29 13:28:08'),
(284, 1, 5, 2512, '2025-07-29 13:28:10'),
(285, 1, 5, 1103, '2025-07-29 13:28:11'),
(286, 1, 5, 1963, '2025-07-29 13:28:12'),
(287, 1, 5, 1815, '2025-07-29 13:28:12'),
(288, 1, 5, 1363, '2025-07-29 13:28:13'),
(289, 1, 5, 2285, '2025-07-29 13:28:14'),
(290, 1, 5, 1099, '2025-07-29 13:28:14'),
(291, 1, 5, 2133, '2025-07-29 13:28:14'),
(292, 1, 5, 1475, '2025-07-29 13:28:15'),
(293, 1, 5, 1134, '2025-07-29 13:28:16'),
(294, 1, 5, 1649, '2025-07-29 13:28:16'),
(295, 1, 5, 1943, '2025-07-29 13:28:18'),
(296, 1, 5, 2431, '2025-07-29 13:28:19'),
(297, 1, 5, 1146, '2025-07-29 13:28:20'),
(298, 1, 5, 2525, '2025-07-29 13:28:20'),
(299, 1, 5, 1427, '2025-07-29 13:28:20'),
(300, 1, 5, 1710, '2025-07-29 13:28:22'),
(301, 1, 5, 2467, '2025-07-29 13:28:22'),
(302, 1, 5, 2082, '2025-07-29 13:28:22'),
(303, 1, 5, 1512, '2025-07-29 13:28:22'),
(304, 1, 5, 2387, '2025-07-29 13:28:23'),
(305, 1, 5, 1339, '2025-07-29 13:28:24'),
(306, 1, 5, 1476, '2025-07-29 13:28:24'),
(307, 1, 5, 2359, '2025-07-29 13:28:25'),
(308, 1, 5, 1528, '2025-07-29 13:28:26'),
(309, 1, 5, 2506, '2025-07-29 13:28:26'),
(310, 1, 5, 2017, '2025-07-29 13:28:26'),
(311, 1, 5, 2528, '2025-07-29 13:28:26'),
(312, 1, 5, 1094, '2025-07-29 13:28:27'),
(313, 1, 5, 2167, '2025-07-29 13:28:27'),
(314, 1, 5, 2361, '2025-07-29 13:28:28'),
(315, 1, 5, 1263, '2025-07-29 13:28:28'),
(316, 1, 5, 2039, '2025-07-29 13:28:28'),
(317, 1, 5, 2530, '2025-07-29 13:28:28'),
(318, 1, 5, 2342, '2025-07-29 13:28:28'),
(319, 1, 5, 1051, '2025-07-29 13:28:28'),
(320, 1, 5, 2533, '2025-07-29 13:28:28'),
(321, 1, 5, 2411, '2025-07-29 13:28:29'),
(322, 1, 5, 1386, '2025-07-29 13:28:29'),
(323, 1, 5, 2458, '2025-07-29 13:28:32'),
(324, 1, 5, 1115, '2025-07-29 13:28:32'),
(325, 1, 5, 1720, '2025-07-29 13:28:32'),
(326, 1, 5, 2162, '2025-07-29 13:28:32'),
(327, 1, 5, 1338, '2025-07-29 13:28:32'),
(328, 1, 5, 2063, '2025-07-29 13:28:32'),
(329, 1, 5, 2160, '2025-07-29 13:28:32'),
(330, 1, 5, 1126, '2025-07-29 13:28:32'),
(331, 1, 5, 2160, '2025-07-29 13:28:33'),
(332, 1, 5, 1367, '2025-07-29 13:28:33'),
(333, 1, 5, 1233, '2025-07-29 13:28:36'),
(334, 1, 5, 2455, '2025-07-29 13:28:36'),
(335, 1, 5, 1369, '2025-07-29 13:28:36'),
(336, 1, 5, 1245, '2025-07-29 13:28:39'),
(337, 1, 5, 2443, '2025-07-29 13:28:39'),
(338, 1, 5, 1378, '2025-07-29 13:28:39'),
(339, 1, 5, 2547, '2025-07-29 13:28:40'),
(340, 1, 5, 1200, '2025-07-29 13:28:41'),
(341, 1, 5, 1707, '2025-07-29 13:28:44'),
(342, 1, 5, 2586, '2025-07-29 13:28:46'),
(343, 1, 5, 2559, '2025-07-29 13:28:47'),
(344, 1, 5, 2254, '2025-07-29 13:28:47'),
(345, 1, 5, 1303, '2025-07-29 13:28:47'),
(346, 1, 5, 2317, '2025-07-29 13:28:47'),
(347, 1, 5, 1829, '2025-07-29 13:29:59'),
(348, 1, 5, 2082, '2025-07-29 13:29:59'),
(349, 1, 5, 1415, '2025-07-29 13:30:00'),
(350, 1, 5, 2312, '2025-07-29 13:30:00'),
(351, 1, 5, 1200, '2025-07-29 13:30:00'),
(352, 1, 5, 2368, '2025-07-29 13:30:01'),
(353, 1, 5, 1186, '2025-07-29 13:30:02'),
(354, 1, 5, 2112, '2025-07-29 13:30:02'),
(355, 1, 5, 1954, '2025-07-29 13:30:02'),
(356, 1, 5, 2390, '2025-07-29 13:30:02'),
(357, 1, 5, 2075, '2025-07-29 13:30:03'),
(358, 1, 5, 2249, '2025-07-29 13:30:04'),
(359, 1, 5, 2384, '2025-07-29 13:30:04'),
(360, 1, 5, 1072, '2025-07-29 13:30:04'),
(361, 1, 5, 2227, '2025-07-29 13:30:04'),
(362, 1, 5, 1234, '2025-07-29 13:30:04'),
(363, 1, 5, 1069, '2025-07-29 13:30:05'),
(364, 1, 5, 2449, '2025-07-29 13:30:05'),
(365, 1, 5, 1138, '2025-07-29 13:30:06'),
(366, 1, 5, 1168, '2025-07-29 13:30:06'),
(367, 1, 5, 1874, '2025-07-29 13:30:06'),
(368, 1, 5, 1493, '2025-07-29 13:30:07'),
(369, 1, 5, 2063, '2025-07-29 13:30:07'),
(370, 1, 5, 1373, '2025-07-29 13:30:07'),
(371, 1, 5, 2413, '2025-07-29 13:30:08'),
(372, 1, 5, 1153, '2025-07-29 13:30:08'),
(373, 1, 5, 2418, '2025-07-29 13:30:09'),
(374, 1, 5, 1870, '2025-07-29 13:30:09'),
(375, 1, 5, 2385, '2025-07-29 13:30:12'),
(376, 1, 5, 1943, '2025-07-29 13:30:13'),
(377, 1, 5, 2461, '2025-07-29 13:30:13'),
(378, 1, 5, 1811, '2025-07-29 13:30:13'),
(379, 1, 5, 2320, '2025-07-29 13:30:13'),
(380, 1, 5, 1125, '2025-07-29 13:30:15'),
(381, 1, 5, 2549, '2025-07-29 13:30:15'),
(382, 1, 5, 2415, '2025-07-29 13:30:15'),
(383, 1, 5, 1228, '2025-07-29 13:30:15'),
(384, 1, 5, 1940, '2025-07-29 13:30:15'),
(385, 1, 5, 1073, '2025-07-29 13:30:16'),
(386, 1, 5, 2262, '2025-07-29 13:30:18'),
(387, 1, 5, 2462, '2025-07-29 13:30:19'),
(388, 1, 5, 1792, '2025-07-29 13:30:19'),
(389, 1, 5, 1299, '2025-07-29 13:30:20'),
(390, 1, 5, 1877, '2025-07-29 13:30:22'),
(391, 1, 5, 2414, '2025-07-29 13:30:22'),
(392, 1, 5, 1190, '2025-07-29 13:30:23'),
(393, 1, 5, 1523, '2025-07-29 13:30:23'),
(394, 1, 5, 2317, '2025-07-29 13:30:23'),
(395, 1, 5, 1481, '2025-07-29 13:30:24'),
(396, 1, 5, 1057, '2025-07-29 13:30:26'),
(397, 1, 5, 1565, '2025-07-29 13:30:27'),
(398, 1, 5, 1232, '2025-07-29 13:30:28'),
(399, 1, 5, 1079, '2025-07-29 13:30:29'),
(400, 1, 5, 2128, '2025-07-29 13:30:30'),
(401, 1, 5, 1578, '2025-07-29 13:30:31'),
(402, 1, 5, 2444, '2025-07-29 13:30:33'),
(403, 1, 5, 2318, '2025-07-29 13:30:34'),
(404, 1, 5, 2363, '2025-07-29 13:30:34'),
(405, 1, 5, 2233, '2025-07-29 13:30:34'),
(406, 1, 5, 1088, '2025-07-29 13:30:34'),
(407, 1, 5, 2211, '2025-07-29 13:30:35'),
(408, 1, 5, 2367, '2025-07-29 13:30:35'),
(409, 1, 5, 1145, '2025-07-29 13:30:35'),
(410, 1, 5, 1853, '2025-07-29 13:30:37'),
(411, 1, 5, 1517, '2025-07-29 13:30:37'),
(412, 1, 5, 2479, '2025-07-29 13:30:37'),
(413, 1, 5, 2189, '2025-07-29 13:30:38'),
(414, 1, 5, 1294, '2025-07-29 13:30:38'),
(415, 1, 5, 1108, '2025-07-29 13:30:39'),
(416, 1, 5, 1535, '2025-07-29 13:30:40'),
(417, 1, 5, 1104, '2025-07-29 13:30:40'),
(418, 1, 5, 1166, '2025-07-29 13:30:40'),
(419, 1, 5, 1102, '2025-07-29 13:30:41'),
(420, 1, 5, 1780, '2025-07-29 13:30:41'),
(421, 1, 5, 1838, '2025-07-29 13:30:41'),
(422, 1, 5, 2149, '2025-07-29 13:30:41'),
(423, 1, 5, 2463, '2025-07-29 13:30:41'),
(424, 1, 5, 1214, '2025-07-29 13:30:43'),
(425, 1, 5, 1086, '2025-07-29 13:30:43'),
(426, 1, 5, 2452, '2025-07-29 13:30:43'),
(427, 1, 5, 2436, '2025-07-29 13:30:44'),
(428, 1, 5, 1185, '2025-07-29 13:30:44'),
(429, 1, 5, 2513, '2025-07-29 13:30:44'),
(430, 1, 5, 2067, '2025-07-29 13:30:44'),
(431, 1, 5, 2103, '2025-07-29 13:30:45'),
(432, 1, 5, 1508, '2025-07-29 13:30:46'),
(433, 1, 5, 2151, '2025-07-29 13:30:48'),
(434, 1, 5, 1668, '2025-07-29 13:30:49'),
(435, 1, 5, 1591, '2025-07-29 13:30:52'),
(436, 1, 5, 1228, '2025-07-29 13:30:52'),
(437, 1, 5, 2483, '2025-07-29 13:30:52'),
(438, 1, 5, 1073, '2025-07-29 13:30:52'),
(439, 1, 5, 1707, '2025-07-29 13:30:52'),
(440, 1, 5, 1995, '2025-07-29 13:30:53'),
(441, 1, 5, 1567, '2025-07-29 13:30:54'),
(442, 1, 5, 1833, '2025-07-29 13:30:55'),
(443, 1, 5, 2559, '2025-07-29 13:30:56'),
(444, 1, 5, 1617, '2025-07-29 13:30:57'),
(445, 1, 5, 2527, '2025-07-29 13:30:58'),
(446, 1, 5, 2350, '2025-07-29 13:30:58'),
(447, 1, 5, 891, '2025-07-29 13:30:58'),
(448, 1, 5, 2762, '2025-07-29 13:30:58'),
(449, 1, 5, 2250, '2025-07-29 13:31:55'),
(450, 1, 5, 1078, '2025-07-29 13:31:55'),
(451, 1, 5, 2519, '2025-07-29 13:31:56'),
(452, 1, 5, 2533, '2025-07-29 13:31:56'),
(453, 1, 5, 2138, '2025-07-29 13:31:56'),
(454, 1, 5, 2174, '2025-07-29 13:31:58'),
(455, 1, 5, 1856, '2025-07-29 13:31:58'),
(456, 1, 5, 1190, '2025-07-29 13:31:58'),
(457, 1, 5, 1526, '2025-07-29 13:32:00'),
(458, 1, 5, 2418, '2025-07-29 13:32:00'),
(459, 1, 5, 1059, '2025-07-29 13:32:01'),
(460, 1, 5, 1619, '2025-07-29 13:32:01'),
(461, 1, 5, 1044, '2025-07-29 13:32:01'),
(462, 1, 5, 1203, '2025-07-29 13:32:02'),
(463, 1, 5, 2586, '2025-07-29 13:32:02'),
(464, 1, 5, 1931, '2025-07-29 13:32:03'),
(465, 1, 5, 1243, '2025-07-29 13:32:04'),
(466, 1, 5, 1203, '2025-07-29 13:32:04'),
(467, 1, 5, 2400, '2025-07-29 13:32:04'),
(468, 1, 5, 2585, '2025-07-29 13:32:04'),
(469, 1, 5, 1263, '2025-07-29 13:32:05'),
(470, 1, 5, 2453, '2025-07-29 13:32:06'),
(471, 1, 5, 2219, '2025-07-29 13:32:06'),
(472, 1, 5, 1063, '2025-07-29 13:32:06'),
(473, 1, 5, 2293, '2025-07-29 13:32:06'),
(474, 1, 5, 1685, '2025-07-29 13:32:06'),
(475, 1, 5, 2015, '2025-07-29 13:32:06'),
(476, 1, 5, 1571, '2025-07-29 13:32:07'),
(477, 1, 5, 1221, '2025-07-29 13:32:08'),
(478, 1, 5, 2289, '2025-07-29 13:32:08'),
(479, 1, 5, 1279, '2025-07-29 13:32:10'),
(480, 1, 5, 1617, '2025-07-29 13:32:10'),
(481, 1, 5, 1558, '2025-07-29 13:32:10'),
(482, 1, 5, 1093, '2025-07-29 13:32:11'),
(483, 1, 5, 1707, '2025-07-29 13:32:11'),
(484, 1, 5, 2325, '2025-07-29 13:32:11'),
(485, 1, 5, 1348, '2025-07-29 13:32:11'),
(486, 1, 5, 2241, '2025-07-29 13:32:13'),
(487, 1, 5, 2549, '2025-07-29 13:32:13'),
(488, 1, 5, 1676, '2025-07-29 13:32:13'),
(489, 1, 5, 2535, '2025-07-29 13:32:13'),
(490, 1, 5, 1088, '2025-07-29 13:32:13'),
(491, 1, 5, 2525, '2025-07-29 13:32:14'),
(492, 1, 5, 1410, '2025-07-29 13:32:14'),
(493, 1, 5, 1087, '2025-07-29 13:32:14'),
(494, 1, 5, 2559, '2025-07-29 13:32:15'),
(495, 1, 5, 1135, '2025-07-29 13:32:15'),
(496, 1, 5, 2490, '2025-07-29 13:32:16'),
(497, 1, 5, 2511, '2025-07-29 13:32:16'),
(498, 1, 5, 2059, '2025-07-29 13:32:16'),
(499, 1, 5, 1142, '2025-07-29 13:32:16'),
(500, 1, 5, 2171, '2025-07-29 13:32:16'),
(501, 1, 5, 1522, '2025-07-29 13:32:16'),
(502, 1, 5, 2126, '2025-07-29 13:32:16'),
(503, 1, 5, 1575, '2025-07-29 13:32:18'),
(504, 1, 5, 2508, '2025-07-29 13:32:18'),
(505, 1, 5, 1133, '2025-07-29 13:32:18'),
(506, 1, 5, 2531, '2025-07-29 13:32:18'),
(507, 1, 5, 1251, '2025-07-29 13:32:19'),
(508, 1, 5, 1811, '2025-07-29 13:32:22'),
(509, 1, 5, 1382, '2025-07-29 13:32:22'),
(510, 1, 5, 2482, '2025-07-29 13:32:23'),
(511, 1, 5, 2355, '2025-07-29 13:32:23'),
(512, 1, 5, 1075, '2025-07-29 13:32:24'),
(513, 1, 5, 1101, '2025-07-29 13:32:24'),
(514, 1, 5, 2392, '2025-07-29 13:32:25'),
(515, 1, 5, 2469, '2025-07-29 13:32:25'),
(516, 1, 5, 1363, '2025-07-29 13:32:27'),
(517, 1, 5, 1104, '2025-07-29 13:32:28'),
(518, 1, 5, 1069, '2025-07-29 13:32:29'),
(519, 1, 5, 1598, '2025-07-29 13:32:30'),
(520, 1, 5, 1624, '2025-07-29 13:32:31'),
(521, 1, 5, 2469, '2025-07-29 13:32:33'),
(522, 1, 5, 1086, '2025-07-29 13:32:34'),
(523, 1, 5, 2112, '2025-07-29 13:32:35'),
(524, 1, 5, 1056, '2025-07-29 13:32:36'),
(525, 1, 5, 1867, '2025-07-29 13:32:36'),
(526, 1, 5, 1014, '2025-07-29 13:32:37'),
(527, 1, 5, 1962, '2025-07-29 13:32:39'),
(528, 1, 5, 2598, '2025-07-29 13:32:43'),
(529, 1, 5, 752, '2025-07-29 13:32:44'),
(530, 1, 5, 1267, '2025-07-29 13:32:44');

-- --------------------------------------------------------

--
-- Table structure for table `Profile`
--

CREATE TABLE `Profile` (
  `ID` int(11) NOT NULL,
  `Name` varchar(50) NOT NULL,
  `Gender` varchar(6) NOT NULL,
  `Age` int(11) NOT NULL,
  `UName` varchar(32) NOT NULL,
  `PWord` varchar(32) NOT NULL
) ENGINE=InnoDB DEFAULT CHARSET=utf8mb4 COLLATE=utf8mb4_general_ci;

--
-- Dumping data for table `Profile`
--

INSERT INTO `Profile` (`ID`, `Name`, `Gender`, `Age`, `UName`, `PWord`) VALUES
(1, 'Muhammad Abdullah Khalid', 'Male', 26, '25e43523acf9cd0310c8a8bb2ac02651', '25d55ad283aa400af464c76d713c07ad');

-- --------------------------------------------------------

--
-- Table structure for table `PulOxym`
--

CREATE TABLE `PulOxym` (
  `PID` int(11) NOT NULL,
  `ID` int(11) NOT NULL,
  `SID` int(11) NOT NULL,
  `HeartRate` int(11) DEFAULT NULL,
  `SpO2` int(11) DEFAULT NULL,
  `TimeStamp` datetime DEFAULT current_timestamp()
) ENGINE=InnoDB DEFAULT CHARSET=utf8mb4 COLLATE=utf8mb4_general_ci;

--
-- Dumping data for table `PulOxym`
--

INSERT INTO `PulOxym` (`PID`, `ID`, `SID`, `HeartRate`, `SpO2`, `TimeStamp`) VALUES
(1, 1, 3, 87, 86, '2025-07-29 13:01:04'),
(2, 1, 3, 89, 86, '2025-07-29 13:01:37');

-- --------------------------------------------------------

--
-- Table structure for table `Sensors`
--

CREATE TABLE `Sensors` (
  `SID` int(11) NOT NULL,
  `SName` varchar(50) NOT NULL
) ENGINE=InnoDB DEFAULT CHARSET=utf8mb4 COLLATE=utf8mb4_general_ci;

--
-- Dumping data for table `Sensors`
--

INSERT INTO `Sensors` (`SID`, `SName`) VALUES
(1, 'DS18B20 - Temperature Probe'),
(2, 'MLX90614 - IR Temperature Sensor'),
(3, 'MAX30102 - Pulse Oxymeter'),
(4, 'AMG8833 - Thermal Sensor'),
(5, 'AD8232 - ECG Sensor');

-- --------------------------------------------------------

--
-- Table structure for table `Temp`
--

CREATE TABLE `Temp` (
  `TID` int(11) NOT NULL,
  `ID` int(11) NOT NULL,
  `SID` int(11) NOT NULL,
  `Temperature` float NOT NULL,
  `TimeStamp` datetime DEFAULT current_timestamp()
) ENGINE=InnoDB DEFAULT CHARSET=utf8mb4 COLLATE=utf8mb4_general_ci;

--
-- Dumping data for table `Temp`
--

INSERT INTO `Temp` (`TID`, `ID`, `SID`, `Temperature`, `TimeStamp`) VALUES
(1, 1, 1, 21, '2025-07-29 12:47:05'),
(2, 1, 1, 21, '2025-07-29 12:47:08'),
(3, 1, 1, 21, '2025-07-29 12:47:10'),
(4, 1, 2, 20.8, '2025-07-29 12:47:50'),
(5, 1, 2, 20.9, '2025-07-29 12:47:52'),
(6, 1, 2, 20.9, '2025-07-29 12:47:53'),
(7, 1, 2, 20.7, '2025-07-29 12:47:54'),
(8, 1, 2, 20.8, '2025-07-29 12:47:55'),
(9, 1, 1, 21, '2025-07-29 12:47:57'),
(10, 1, 2, 20.8, '2025-07-29 12:47:58'),
(11, 1, 1, 21, '2025-07-29 12:48:31'),
(12, 1, 1, 21, '2025-07-29 12:48:34'),
(13, 1, 1, 21, '2025-07-29 12:48:36'),
(14, 1, 1, 21, '2025-07-29 12:48:39'),
(15, 1, 1, 21, '2025-07-29 12:48:42'),
(16, 1, 1, 21, '2025-07-29 12:48:44'),
(17, 1, 1, 21, '2025-07-29 12:48:53'),
(18, 1, 1, 21, '2025-07-29 12:48:56'),
(19, 1, 1, 21, '2025-07-29 12:54:14'),
(20, 1, 1, 21, '2025-07-29 12:54:16'),
(21, 1, 1, 21, '2025-07-29 12:54:19'),
(22, 1, 1, 21, '2025-07-29 12:54:21'),
(23, 1, 1, 21, '2025-07-29 12:54:24'),
(24, 1, 1, 21, '2025-07-29 12:54:26'),
(25, 1, 1, 21, '2025-07-29 12:54:29'),
(26, 1, 1, 21, '2025-07-29 12:54:31'),
(27, 1, 1, 21, '2025-07-29 12:54:34'),
(28, 1, 1, 21, '2025-07-29 12:54:36'),
(29, 1, 1, 21, '2025-07-29 12:54:39'),
(30, 1, 1, 21, '2025-07-29 12:54:41'),
(31, 1, 1, 21, '2025-07-29 12:54:44'),
(32, 1, 1, 21, '2025-07-29 12:54:46'),
(33, 1, 1, 21, '2025-07-29 12:54:49'),
(34, 1, 1, 21, '2025-07-29 12:54:51'),
(35, 1, 1, 21, '2025-07-29 12:54:54'),
(36, 1, 1, 21, '2025-07-29 12:54:56'),
(37, 1, 1, 21, '2025-07-29 12:54:58'),
(38, 1, 1, 21, '2025-07-29 12:55:01'),
(39, 1, 1, 21, '2025-07-29 12:55:03'),
(40, 1, 1, 21.5, '2025-07-29 12:55:06'),
(41, 1, 1, 21.5, '2025-07-29 12:55:08'),
(42, 1, 1, 21.5, '2025-07-29 12:55:11'),
(43, 1, 1, 21.5, '2025-07-29 12:55:13'),
(44, 1, 1, 21.5, '2025-07-29 12:55:16'),
(45, 1, 1, 21.5, '2025-07-29 12:55:18'),
(46, 1, 1, 21.5, '2025-07-29 12:55:21'),
(47, 1, 1, 21.5, '2025-07-29 12:55:23'),
(48, 1, 2, 21.8, '2025-07-29 12:56:56'),
(49, 1, 2, 21.8, '2025-07-29 12:56:58'),
(50, 1, 2, 21.5, '2025-07-29 12:56:59'),
(51, 1, 2, 21.4, '2025-07-29 12:57:00'),
(52, 1, 2, 21.5, '2025-07-29 12:57:02'),
(53, 1, 2, 21.2, '2025-07-29 12:57:03'),
(54, 1, 2, 21.1, '2025-07-29 12:57:04'),
(55, 1, 2, 21.3, '2025-07-29 12:57:05'),
(56, 1, 2, 21.6, '2025-07-29 12:57:07'),
(57, 1, 2, 21.5, '2025-07-29 12:57:08'),
(58, 1, 2, 21.8, '2025-07-29 12:57:09'),
(59, 1, 2, 21.8, '2025-07-29 12:57:11'),
(60, 1, 2, 21.9, '2025-07-29 12:57:12'),
(61, 1, 2, 22, '2025-07-29 12:57:13'),
(62, 1, 2, 21.7, '2025-07-29 12:57:15'),
(63, 1, 2, 21.7, '2025-07-29 12:57:16'),
(64, 1, 2, 21.7, '2025-07-29 12:57:17'),
(65, 1, 2, 21.4, '2025-07-29 12:57:18'),
(66, 1, 2, 21.3, '2025-07-29 12:57:20'),
(67, 1, 2, 21.2, '2025-07-29 12:57:21'),
(68, 1, 2, 21.4, '2025-07-29 12:57:22'),
(69, 1, 2, 21.3, '2025-07-29 12:57:24'),
(70, 1, 2, 21.4, '2025-07-29 12:57:25'),
(71, 1, 2, 21.4, '2025-07-29 12:57:29'),
(72, 1, 2, 21.2, '2025-07-29 12:57:30'),
(73, 1, 2, 21.3, '2025-07-29 12:57:32'),
(74, 1, 2, 21.5, '2025-07-29 12:57:33'),
(75, 1, 2, 21.2, '2025-07-29 12:57:34'),
(76, 1, 2, 21.7, '2025-07-29 12:57:36'),
(77, 1, 3, 24.6, '2025-07-29 13:01:04'),
(78, 1, 3, 24.8, '2025-07-29 13:01:37'),
(79, 1, 4, 22.5, '2025-07-29 13:06:37'),
(80, 1, 4, 22.5, '2025-07-29 13:06:40'),
(81, 1, 4, 22.5, '2025-07-29 13:06:42'),
(82, 1, 4, 22.5, '2025-07-29 13:06:43'),
(83, 1, 4, 22.5, '2025-07-29 13:06:44'),
(84, 1, 4, 22.5, '2025-07-29 13:06:44'),
(85, 1, 4, 22.5, '2025-07-29 13:06:45'),
(86, 1, 4, 22.5, '2025-07-29 13:06:46');

--
-- Indexes for dumped tables
--

--
-- Indexes for table `ECG`
--
ALTER TABLE `ECG`
  ADD PRIMARY KEY (`EID`);

--
-- Indexes for table `Profile`
--
ALTER TABLE `Profile`
  ADD PRIMARY KEY (`ID`);

--
-- Indexes for table `PulOxym`
--
ALTER TABLE `PulOxym`
  ADD PRIMARY KEY (`PID`);

--
-- Indexes for table `Sensors`
--
ALTER TABLE `Sensors`
  ADD PRIMARY KEY (`SID`);

--
-- Indexes for table `Temp`
--
ALTER TABLE `Temp`
  ADD PRIMARY KEY (`TID`);

--
-- AUTO_INCREMENT for dumped tables
--

--
-- AUTO_INCREMENT for table `ECG`
--
ALTER TABLE `ECG`
  MODIFY `EID` int(11) NOT NULL AUTO_INCREMENT, AUTO_INCREMENT=531;

--
-- AUTO_INCREMENT for table `Profile`
--
ALTER TABLE `Profile`
  MODIFY `ID` int(11) NOT NULL AUTO_INCREMENT, AUTO_INCREMENT=2;

--
-- AUTO_INCREMENT for table `PulOxym`
--
ALTER TABLE `PulOxym`
  MODIFY `PID` int(11) NOT NULL AUTO_INCREMENT, AUTO_INCREMENT=3;

--
-- AUTO_INCREMENT for table `Sensors`
--
ALTER TABLE `Sensors`
  MODIFY `SID` int(11) NOT NULL AUTO_INCREMENT, AUTO_INCREMENT=6;

--
-- AUTO_INCREMENT for table `Temp`
--
ALTER TABLE `Temp`
  MODIFY `TID` int(11) NOT NULL AUTO_INCREMENT, AUTO_INCREMENT=87;
COMMIT;

/*!40101 SET CHARACTER_SET_CLIENT=@OLD_CHARACTER_SET_CLIENT */;
/*!40101 SET CHARACTER_SET_RESULTS=@OLD_CHARACTER_SET_RESULTS */;
/*!40101 SET COLLATION_CONNECTION=@OLD_COLLATION_CONNECTION */;
